{
    "system_parameters": {
        "inertia_momentum": 0.449048984183429,
        "dry_friction": 0.6431229056699195,
        "viscous_friction": 0.4503574270585061,
        "mass": 0.23874655814170515,
        "length": 1.3700248482577024,
        "gravity_accel": 9.921219748345239
    },
    "simulation_parameters": {
        "control_input": {
            "time": [
                0.0,
                0.10204081632653061,
                0.20408163265306123,
                0.30612244897959184,
                0.40816326530612246,
                0.5102040816326531,
                0.6122448979591837,
                0.7142857142857143,
                0.8163265306122449,
                0.9183673469387755,
                1.0204081632653061,
                1.1224489795918369,
                1.2244897959183674,
                1.3265306122448979,
                1.4285714285714286,
                1.5306122448979593,
                1.6326530612244898,
                1.7346938775510203,
                1.836734693877551,
                1.9387755102040818,
                2.0408163265306123,
                2.142857142857143,
                2.2448979591836737,
                2.3469387755102042,
                2.4489795918367347,
                2.5510204081632653,
                2.6530612244897958,
                2.7551020408163267,
                2.857142857142857,
                2.9591836734693877,
                3.0612244897959187,
                3.163265306122449,
                3.2653061224489797,
                3.36734693877551,
                3.4693877551020407,
                3.5714285714285716,
                3.673469387755102,
                3.7755102040816326,
                3.8775510204081636,
                3.979591836734694,
                4.081632653061225,
                4.183673469387755,
                4.285714285714286,
                4.387755102040816,
                4.4897959183673475,
                4.591836734693878,
                4.6938775510204085,
                4.795918367346939,
                4.8979591836734695,
                5.0
            ],
            "value": [
                2.0,
                1.9435042680560866,
                1.7772088399522243,
                1.510508697618068,
                1.158471260804331,
                0.7409851421754652,
                0.28163652557983143,
                -0.19362335267057568,
                -0.6579443378904236,
                -1.0850942761627989,
                -1.4509410190752057,
                -1.7348157871075112,
                -1.920680867459321,
                -1.9980356763733458,
                -1.962509997300606,
                -1.8161108794831202,
                -1.567109248237932,
                -1.2295726329774648,
                -0.8225704118387313,
                -0.3690964732077606,
                0.1052298408349962,
                0.5736111179974401,
                1.0095858151974535,
                1.3885232228076927,
                1.6890149946242896,
                1.8940846280553423,
                1.992146564060693,
                1.9776607217898825,
                1.851445489504824,
                1.6206314891359335,
                1.2982587265769525,
                0.9025398870074347,
                0.4558313959128565,
                -0.01662962353683591,
                -0.4881511402328647,
                -0.9320942009621817,
                -1.32337791756746,
                -1.6398964300813532,
                -1.863767793465593,
                -1.982344231184498,
                -1.9889266805978414,
                -1.883143261408031,
                -1.6709702853097268,
                -1.3643946198863177,
                -0.980736481752093,
                -0.5416709182371848,
                -0.07200325972373837,
                0.4017322756501518,
                0.8527716520656892,
                1.2556330698167555
            ]
        },
        "initial_state": [
            0,
            0
        ]
    }
}