{
	"system_parameters": 
	{
		"inertia_momentum": 1.8,
		"dry_friction": 0.3,
		"viscous_friction": 0.1,
		"mass": 1,
		"length": 7,
		"gravity_accel": 9.8
	},
	"simulation_parameters":
	{
		"control_input":
		{
			"time": [ 0.0        ,  0.50505051,  1.01010101,  1.51515152,  2.02020202,
			2.52525253,  3.03030303,  3.53535354,  4.04040404,  4.54545455,
			5.05050505,  5.55555556,  6.06060606,  6.56565657,  7.07070707,
			7.57575758,  8.08080808,  8.58585859,  9.09090909,  9.5959596 ,
		   10.1010101 , 10.60606061, 11.11111111, 11.61616162, 12.12121212,
		   12.62626263, 13.13131313, 13.63636364, 14.14141414, 14.64646465,
		   15.15151515, 15.65656566, 16.16161616, 16.66666667, 17.17171717,
		   17.67676768, 18.18181818, 18.68686869, 19.19191919, 19.6969697 ,
		   20.2020202 , 20.70707071, 21.21212121, 21.71717172, 22.22222222,
		   22.72727273, 23.23232323, 23.73737374, 24.24242424, 24.74747475,
		   25.25252525, 25.75757576, 26.26262626, 26.76767677, 27.27272727,
		   27.77777778, 28.28282828, 28.78787879, 29.29292929, 29.7979798 ,
		   30.3030303 , 30.80808081, 31.31313131, 31.81818182, 32.32323232,
		   32.82828283, 33.33333333, 33.83838384, 34.34343434, 34.84848485,
		   35.35353535, 35.85858586, 36.36363636, 36.86868687, 37.37373737,
		   37.87878788, 38.38383838, 38.88888889, 39.39393939, 39.8989899 ,
		   40.4040404 , 40.90909091, 41.41414141, 41.91919192, 42.42424242,
		   42.92929293, 43.43434343, 43.93939394, 44.44444444, 44.94949495,
		   45.45454545, 45.95959596, 46.46464646, 46.96969697, 47.47474747,
		   47.97979798, 48.48484848, 48.98989899, 49.49494949, 50.0        ],
			"value":[ 0.0        ,  0.73370156,  1.3307372 ,  1.68561447,  1.74759101,
			1.5309428 ,  1.10951227,  0.59701738,  0.11811794, -0.22250196,
		   -0.36532867, -0.30925952, -0.10968594,  0.13796327,  0.32494261,
			0.35931902,  0.19179749, -0.16938772, -0.65839807, -1.16668617,
		   -1.56924004, -1.75567754, -1.65843456, -1.27096843, -0.65134691,
			0.08979774,  0.81409708,  1.38703519,  1.70859778,  1.73551516,
			1.48971822,  1.05104479,  0.53613313,  0.06884685, -0.25035502,
		   -0.36847371, -0.29151048, -0.0807166 ,  0.16536731,  0.33842867,
			0.35040131,  0.15830063, -0.22250622, -0.72006965, -1.22235581,
		   -1.60444704, -1.75970193, -1.62709618, -1.20787216, -0.56725019,
			0.17935399,  0.89232286,  1.4397304 ,  1.72735973,  1.71953511,
			1.4457374 ,  0.99149668,  0.47594671,  0.02171507, -0.27530969,
		   -0.36880927, -0.27183481, -0.0512393 ,  0.19172024,  0.34959545,
			0.33854394,  0.12208232, -0.27731466, -0.78182317, -1.27631345,
		   -1.6364097 , -1.75960389, -1.59165078, -1.14160248, -0.48163417,
			0.26842806,  0.96817536,  1.48870251,  1.74188901,  1.69974786,
			1.39917902,  0.93108235,  0.41665468, -0.02314661, -0.2973312 ,
		   -0.36640187, -0.25037953, -0.02144009,  0.2168484 ,  0.35833001,
			0.32372741,  0.0832252 , -0.33364595, -0.84344698, -1.32835514,
		   -1.66498329, -1.75533597, -1.55216298, -1.07232386, -0.3947266 ]
		},
		"initial_state": [0.5, 0]
	}
}