{
    "system_parameters": {
        "inertia_momentum": 1.616317734447448,
        "dry_friction": 0.6431229056699195,
        "viscous_friction": 0.4503574270585061,
        "mass": 0.8553979276603947,
        "length": 1.3700248482577024,
        "gravity_accel": 9.921219748345239
    },
    "simulation_parameters": {
        "control_input": {
            "time": [
                0.0,
                0.10204081632653061,
                0.20408163265306123,
                0.30612244897959184,
                0.40816326530612246,
                0.5102040816326531,
                0.6122448979591837,
                0.7142857142857143,
                0.8163265306122449,
                0.9183673469387755,
                1.0204081632653061,
                1.1224489795918369,
                1.2244897959183674,
                1.3265306122448979,
                1.4285714285714286,
                1.5306122448979593,
                1.6326530612244898,
                1.7346938775510203,
                1.836734693877551,
                1.9387755102040818,
                2.0408163265306123,
                2.142857142857143,
                2.2448979591836737,
                2.3469387755102042,
                2.4489795918367347,
                2.5510204081632653,
                2.6530612244897958,
                2.7551020408163267,
                2.857142857142857,
                2.9591836734693877,
                3.0612244897959187,
                3.163265306122449,
                3.2653061224489797,
                3.36734693877551,
                3.4693877551020407,
                3.5714285714285716,
                3.673469387755102,
                3.7755102040816326,
                3.8775510204081636,
                3.979591836734694,
                4.081632653061225,
                4.183673469387755,
                4.285714285714286,
                4.387755102040816,
                4.4897959183673475,
                4.591836734693878,
                4.6938775510204085,
                4.795918367346939,
                4.8979591836734695,
                5.0
            ],
            "value": [
                0.0,
                0.20372765616628033,
                0.4053358730964019,
                0.6027272607092411,
                0.7938482978498447,
                0.9767106956791142,
                1.1494120824323582,
                1.3101557943570372,
                1.4572695669387006,
                1.5892229319647542,
                1.7046431394392367,
                1.80232943870821,
                1.8812655702249734,
                1.9406303379995697,
                1.9798061527442479,
                1.998385456838011,
                1.9961749642694366,
                1.973197671448385,
                1.9296926179675264,
                1.8661123998025553,
                1.7831184608220074,
                1.6815742115905008,
                1.5625360470525278,
                1.4272423565425065,
                1.2771006404532042,
                1.1136728675916645,
                0.938659225554402,
                0.7538804331715286,
                0.5612587990287137,
                0.36279822312077126,
                0.160563349685627,
                -0.04334191190209522,
                -0.24679627472435742,
                -0.4476831426967221,
                -0.6439126301452374,
                -0.8334433035069998,
                -1.0143034189690288,
                -1.1846114351040113,
                -1.3425955871038642,
                -1.4866123189745657,
                -1.6151633819366729,
                -1.7269114211517755,
                -1.8206938886215656,
                -1.8955351375194913,
                -1.9506565721340912,
                -1.9854847478311206,
                -1.9996573367681791,
                -1.9930268972987257,
                -1.9656624078512612,
                -1.917848549326277
            ]
        },
        "initial_state": [
            0.0,
            0.0
        ]
    }
}