{
    "system_parameters": {
        "inertia_momentum": 1.616317734447448,
        "dry_friction": 0.6431229056699195,
        "viscous_friction": 0.4503574270585061,
        "mass": 0.8553979276603947,
        "length": 1.3700248482577024,
        "gravity_accel": 9.921219748345239
    },
    "simulation_parameters": {
        "control_input": {
            "time": [
                0.0,
                0.15306122448979592,
                0.30612244897959184,
                0.45918367346938777,
                0.6122448979591837,
                0.7653061224489797,
                0.9183673469387755,
                1.0714285714285714,
                1.2244897959183674,
                1.3775510204081634,
                1.5306122448979593,
                1.683673469387755,
                1.836734693877551,
                1.989795918367347,
                2.142857142857143,
                2.295918367346939,
                2.4489795918367347,
                2.6020408163265305,
                2.7551020408163267,
                2.9081632653061225,
                3.0612244897959187,
                3.2142857142857144,
                3.36734693877551,
                3.5204081632653064,
                3.673469387755102,
                3.826530612244898,
                3.979591836734694,
                4.13265306122449,
                4.285714285714286,
                4.438775510204081,
                4.591836734693878,
                4.744897959183674,
                4.8979591836734695,
                5.051020408163265,
                5.204081632653061,
                5.357142857142858,
                5.510204081632653,
                5.663265306122449,
                5.816326530612245,
                5.969387755102041,
                6.122448979591837,
                6.275510204081633,
                6.428571428571429,
                6.581632653061225,
                6.73469387755102,
                6.887755102040816,
                7.040816326530613,
                7.1938775510204085,
                7.346938775510204,
                7.5
            ],
            "value": [
                5.0,
                5.0,
                5.0,
                5.0,
                5.0,
                5.0,
                5.0,
                5.0,
                5.0,
                5.0,
                5.0,
                5.0,
                5.0,
                5.0,
                5.0,
                5.0,
                5.0,
                5.0,
                5.0,
                5.0,
                5.0,
                5.0,
                5.0,
                5.0,
                5.0,
                5.0,
                5.0,
                5.0,
                5.0,
                5.0,
                5.0,
                5.0,
                5.0,
                5.0,
                5.0,
                5.0,
                5.0,
                5.0,
                5.0,
                5.0,
                5.0,
                5.0,
                5.0,
                5.0,
                5.0,
                5.0,
                5.0,
                5.0,
                5.0,
                5.0
            ]
        },
        "initial_state": [
            1,
            -3
        ]
    }
}